{"assets/images/flutter.png":["assets/images/flutter.png"],"assets/images/fullscreen.jpg":["assets/images/fullscreen.jpg"],"assets/images/img1.jpg":["assets/images/img1.jpg"],"assets/images/img2.jpg":["assets/images/img2.jpg"],"assets/images/img3.jpg":["assets/images/img3.jpg"],"assets/translations/en.json":["assets/translations/en.json"],"assets/translations/vi.json":["assets/translations/vi.json"],"packages/cupertino_icons/assets/CupertinoIcons.ttf":["packages/cupertino_icons/assets/CupertinoIcons.ttf"]}